Date,Year,Month,phase_soi,SOI,dSST3.4,phase_nino,MEI,phase_MEI
1/1/1981,1981,Jan,Neutral Phase,0.4,-0.38,Neutral Phase,-0.36,Neutral Phase
2/1/1981,1981,Feb,Cool Phase/La Nina,-0.2,-0.62,Cool Phase/La Nina,-0.23,Neutral Phase
3/1/1981,1981,Mar,Neutral Phase,-1.3,-0.51,Neutral Phase,0.33,Neutral Phase
4/1/1981,1981,Apr,Neutral Phase,-0.1,-0.29,Neutral Phase,0.43,Neutral Phase
5/1/1981,1981,May,Neutral Phase,0.8,-0.3,Neutral Phase,-0.24,Neutral Phase
6/1/1981,1981,Jun,Neutral Phase,1.2,-0.19,Neutral Phase,-0.7,Cool Phase/La Nina
7/1/1981,1981,Jul,Neutral Phase,0.8,-0.37,Neutral Phase,-0.61,Cool Phase/La Nina
8/1/1981,1981,Aug,Neutral Phase,0.7,-0.32,Neutral Phase,-0.34,Neutral Phase
9/1/1981,1981,Sep,Neutral Phase,0.3,-0.04,Neutral Phase,-0.07,Neutral Phase
10/1/1981,1981,Oct,Neutral Phase,-0.4,-0.11,Neutral Phase,-0.16,Neutral Phase
11/1/1981,1981,Nov,Neutral Phase,0.2,-0.23,Neutral Phase,-0.27,Neutral Phase
12/1/1981,1981,Dec,Neutral Phase,0.5,-0.11,Neutral Phase,-0.19,Neutral Phase
1/1/1982,1982,Jan,Neutral Phase,1.2,0.11,Neutral Phase,-0.43,Neutral Phase
2/1/1982,1982,Feb,Neutral Phase,0.3,-0.15,Neutral Phase,-0.49,Neutral Phase
3/1/1982,1982,Mar,Neutral Phase,0.6,0.25,Neutral Phase,-0.27,Neutral Phase
4/1/1982,1982,Apr,Neutral Phase,0.1,0.45,Neutral Phase,-0.36,Neutral Phase
5/1/1982,1982,May,Warm Phase/El Nino,-0.3,0.72,Warm Phase/El Nino,-0.12,Neutral Phase
6/1/1982,1982,Jun,Warm Phase/El Nino,-1,0.8,Warm Phase/El Nino,0.62,Warm Phase/El Nino
7/1/1982,1982,Jul,Warm Phase/El Nino,-1.5,0.64,Warm Phase/El Nino,1.65,Warm Phase/El Nino
8/1/1982,1982,Aug,Warm Phase/El Nino,-1.7,0.93,Warm Phase/El Nino,1.91,Warm Phase/El Nino
9/1/1982,1982,Sep,Warm Phase/El Nino,-1.7,1.64,Warm Phase/El Nino,1.69,Warm Phase/El Nino
10/1/1982,1982,Oct,Warm Phase/El Nino,-1.7,2.16,Warm Phase/El Nino,1.78,Warm Phase/El Nino
11/1/1982,1982,Nov,Warm Phase/El Nino,-2.6,2.09,Warm Phase/El Nino,2.14,Warm Phase/El Nino
12/1/1982,1982,Dec,Warm Phase/El Nino,-2.2,2.28,Warm Phase/El Nino,2.37,Warm Phase/El Nino
1/1/1983,1983,Jan,Warm Phase/El Nino,-3.5,2.32,Warm Phase/El Nino,2.48,Warm Phase/El Nino
2/1/1983,1983,Feb,Warm Phase/El Nino,-3.6,1.94,Warm Phase/El Nino,2.68,Warm Phase/El Nino
3/1/1983,1983,Mar,Warm Phase/El Nino,-2.4,1.49,Warm Phase/El Nino,2.61,Warm Phase/El Nino
4/1/1983,1983,Apr,Warm Phase/El Nino,-0.9,1.19,Warm Phase/El Nino,2.76,Warm Phase/El Nino
5/1/1983,1983,May,Warm Phase/El Nino,0.6,1.18,Warm Phase/El Nino,2.86,Warm Phase/El Nino
6/1/1983,1983,Jun,Warm Phase/El Nino,0,0.82,Warm Phase/El Nino,1.98,Warm Phase/El Nino
7/1/1983,1983,Jul,Neutral Phase,-0.6,0.17,Neutral Phase,0.63,Warm Phase/El Nino
8/1/1983,1983,Aug,Neutral Phase,0.1,-0.04,Neutral Phase,-0.17,Neutral Phase
9/1/1983,1983,Sep,Neutral Phase,0.9,-0.36,Neutral Phase,-0.49,Neutral Phase
10/1/1983,1983,Oct,Cool Phase/La Nina,0.4,-0.96,Cool Phase/La Nina,-0.53,Cool Phase/La Nina
11/1/1983,1983,Nov,Cool Phase/La Nina,-0.1,-1.1,Cool Phase/La Nina,-0.47,Neutral Phase
12/1/1983,1983,Dec,Cool Phase/La Nina,0,-0.94,Cool Phase/La Nina,-0.5,Cool Phase/La Nina
1/1/1984,1984,Jan,Cool Phase/La Nina,0.2,-0.69,Cool Phase/La Nina,-0.54,Cool Phase/La Nina
2/1/1984,1984,Feb,Neutral Phase,0.9,-0.18,Neutral Phase,-0.56,Cool Phase/La Nina
3/1/1984,1984,Mar,Neutral Phase,-0.2,-0.39,Neutral Phase,-0.16,Neutral Phase
4/1/1984,1984,Apr,Neutral Phase,0.3,-0.44,Neutral Phase,0.07,Neutral Phase
5/1/1984,1984,May,Cool Phase/La Nina,0.2,-0.46,Cool Phase/La Nina,-0.45,Neutral Phase
6/1/1984,1984,Jun,Neutral Phase,-0.3,-0.63,Neutral Phase,-0.66,Cool Phase/La Nina
7/1/1984,1984,Jul,Neutral Phase,0.2,-0.24,Neutral Phase,-0.34,Neutral Phase
8/1/1984,1984,Aug,Neutral Phase,0.4,-0.04,Neutral Phase,-0.2,Neutral Phase
9/1/1984,1984,Sep,Neutral Phase,0.1,-0.19,Neutral Phase,-0.14,Neutral Phase
10/1/1984,1984,Oct,Cool Phase/La Nina,-0.3,-0.49,Cool Phase/La Nina,-0.19,Neutral Phase
11/1/1984,1984,Nov,Cool Phase/La Nina,0.3,-1,Cool Phase/La Nina,-0.58,Cool Phase/La Nina
12/1/1984,1984,Dec,Cool Phase/La Nina,-0.1,-1.25,Cool Phase/La Nina,-0.28,Neutral Phase
1/1/1985,1985,Jan,Cool Phase/La Nina,-0.3,-1.17,Cool Phase/La Nina,-0.25,Neutral Phase
2/1/1985,1985,Feb,Cool Phase/La Nina,1.2,-0.71,Cool Phase/La Nina,-0.58,Cool Phase/La Nina
3/1/1985,1985,Mar,Cool Phase/La Nina,0.8,-0.67,Cool Phase/La Nina,-0.6,Cool Phase/La Nina
4/1/1985,1985,Apr,Cool Phase/La Nina,1.2,-0.93,Cool Phase/La Nina,-0.76,Cool Phase/La Nina
5/1/1985,1985,May,Cool Phase/La Nina,0.4,-0.75,Cool Phase/La Nina,-1.23,Cool Phase/La Nina
6/1/1985,1985,Jun,Cool Phase/La Nina,-0.4,-0.65,Cool Phase/La Nina,-0.67,Cool Phase/La Nina
7/1/1985,1985,Jul,Neutral Phase,-0.1,-0.47,Neutral Phase,-0.1,Neutral Phase
8/1/1985,1985,Aug,Neutral Phase,1,-0.35,Neutral Phase,-0.49,Neutral Phase
9/1/1985,1985,Sep,Neutral Phase,0,-0.55,Neutral Phase,-0.56,Cool Phase/La Nina
10/1/1985,1985,Oct,Neutral Phase,-0.4,-0.3,Neutral Phase,-0.08,Neutral Phase
11/1/1985,1985,Nov,Neutral Phase,-0.2,-0.2,Neutral Phase,-0.06,Neutral Phase
12/1/1985,1985,Dec,Neutral Phase,0.2,-0.32,Neutral Phase,-0.42,Neutral Phase
1/1/1986,1986,Jan,Neutral Phase,1,-0.56,Neutral Phase,-0.4,Neutral Phase
2/1/1986,1986,Feb,Neutral Phase,-1,-0.6,Neutral Phase,-0.34,Neutral Phase
3/1/1986,1986,Mar,Neutral Phase,0.5,-0.26,Neutral Phase,-0.4,Neutral Phase
4/1/1986,1986,Apr,Neutral Phase,0.3,-0.08,Neutral Phase,-0.53,Cool Phase/La Nina
5/1/1986,1986,May,Neutral Phase,-0.2,-0.27,Neutral Phase,-0.26,Neutral Phase
6/1/1986,1986,Jun,Neutral Phase,1,-0.01,Neutral Phase,0.01,Neutral Phase
7/1/1986,1986,Jul,Neutral Phase,0.3,0.17,Neutral Phase,0.41,Neutral Phase
8/1/1986,1986,Aug,Neutral Phase,-0.4,0.51,Neutral Phase,0.97,Warm Phase/El Nino
9/1/1986,1986,Sep,Warm Phase/El Nino,-0.5,0.65,Warm Phase/El Nino,1.29,Warm Phase/El Nino
10/1/1986,1986,Oct,Warm Phase/El Nino,0.6,0.98,Warm Phase/El Nino,0.56,Warm Phase/El Nino
11/1/1986,1986,Nov,Warm Phase/El Nino,-1.2,1.2,Warm Phase/El Nino,0.64,Warm Phase/El Nino
12/1/1986,1986,Dec,Warm Phase/El Nino,-1.4,1.24,Warm Phase/El Nino,1.06,Warm Phase/El Nino
1/1/1987,1987,Jan,Warm Phase/El Nino,-0.7,1.22,Warm Phase/El Nino,1.03,Warm Phase/El Nino
2/1/1987,1987,Feb,Warm Phase/El Nino,-1.2,1.23,Warm Phase/El Nino,1.16,Warm Phase/El Nino
3/1/1987,1987,Mar,Warm Phase/El Nino,-1.3,1.13,Warm Phase/El Nino,1.57,Warm Phase/El Nino
4/1/1987,1987,Apr,Warm Phase/El Nino,-1.4,0.82,Warm Phase/El Nino,1.74,Warm Phase/El Nino
5/1/1987,1987,May,Warm Phase/El Nino,-1.3,0.88,Warm Phase/El Nino,1.96,Warm Phase/El Nino
6/1/1987,1987,Jun,Warm Phase/El Nino,-1.1,1.21,Warm Phase/El Nino,2.07,Warm Phase/El Nino
7/1/1987,1987,Jul,Warm Phase/El Nino,-1.4,1.57,Warm Phase/El Nino,1.88,Warm Phase/El Nino
8/1/1987,1987,Aug,Warm Phase/El Nino,-0.9,1.76,Warm Phase/El Nino,1.46,Warm Phase/El Nino
9/1/1987,1987,Sep,Warm Phase/El Nino,-1,1.77,Warm Phase/El Nino,1.26,Warm Phase/El Nino
10/1/1987,1987,Oct,Warm Phase/El Nino,-0.4,1.42,Warm Phase/El Nino,1.18,Warm Phase/El Nino
11/1/1987,1987,Nov,Warm Phase/El Nino,0,1.27,Warm Phase/El Nino,0.9,Warm Phase/El Nino
12/1/1987,1987,Dec,Warm Phase/El Nino,-0.5,1.07,Warm Phase/El Nino,0.79,Warm Phase/El Nino
1/1/1988,1988,Jan,Warm Phase/El Nino,-0.1,0.99,Warm Phase/El Nino,0.63,Warm Phase/El Nino
2/1/1988,1988,Feb,Warm Phase/El Nino,-0.4,0.37,Warm Phase/El Nino,0.33,Neutral Phase
3/1/1988,1988,Mar,Neutral Phase,0.6,0.25,Neutral Phase,0.17,Neutral Phase
4/1/1988,1988,Apr,Neutral Phase,0.1,-0.19,Neutral Phase,-0.01,Neutral Phase
5/1/1988,1988,May,Cool Phase/La Nina,0.9,-1,Cool Phase/La Nina,-0.39,Neutral Phase
6/1/1988,1988,Jun,Cool Phase/La Nina,0.1,-1.44,Cool Phase/La Nina,-1.17,Cool Phase/La Nina
7/1/1988,1988,Jul,Cool Phase/La Nina,1,-1.45,Cool Phase/La Nina,-1.78,Cool Phase/La Nina
8/1/1988,1988,Aug,Cool Phase/La Nina,1.5,-0.99,Cool Phase/La Nina,-1.81,Cool Phase/La Nina
9/1/1988,1988,Sep,Cool Phase/La Nina,1.8,-0.87,Cool Phase/La Nina,-1.8,Cool Phase/La Nina
10/1/1988,1988,Oct,Cool Phase/La Nina,1.4,-1.71,Cool Phase/La Nina,-1.59,Cool Phase/La Nina
11/1/1988,1988,Nov,Cool Phase/La Nina,1.7,-1.85,Cool Phase/La Nina,-1.7,Cool Phase/La Nina
12/1/1988,1988,Dec,Cool Phase/La Nina,1.2,-1.83,Cool Phase/La Nina,-1.55,Cool Phase/La Nina
1/1/1989,1989,Jan,Cool Phase/La Nina,1.5,-1.87,Cool Phase/La Nina,-1.12,Cool Phase/La Nina
2/1/1989,1989,Feb,Cool Phase/La Nina,1.2,-1.37,Cool Phase/La Nina,-1.1,Cool Phase/La Nina
3/1/1989,1989,Mar,Cool Phase/La Nina,1.1,-1.05,Cool Phase/La Nina,-1.24,Cool Phase/La Nina
4/1/1989,1989,Apr,Cool Phase/La Nina,1.6,-0.82,Cool Phase/La Nina,-1.09,Cool Phase/La Nina
5/1/1989,1989,May,Cool Phase/La Nina,1.2,-0.61,Cool Phase/La Nina,-1.03,Cool Phase/La Nina
6/1/1989,1989,Jun,Neutral Phase,0.7,-0.29,Neutral Phase,-0.99,Cool Phase/La Nina
7/1/1989,1989,Jul,Neutral Phase,0.9,-0.3,Neutral Phase,-1.08,Cool Phase/La Nina
8/1/1989,1989,Aug,Neutral Phase,-0.3,-0.33,Neutral Phase,-0.66,Cool Phase/La Nina
9/1/1989,1989,Sep,Neutral Phase,0.5,-0.18,Neutral Phase,-0.53,Cool Phase/La Nina
10/1/1989,1989,Oct,Neutral Phase,0.8,-0.22,Neutral Phase,-0.49,Neutral Phase
11/1/1989,1989,Nov,Neutral Phase,-0.2,-0.25,Neutral Phase,-0.36,Neutral Phase
12/1/1989,1989,Dec,Neutral Phase,-0.5,-0.01,Neutral Phase,-0.07,Neutral Phase
1/1/1990,1990,Jan,Neutral Phase,-0.1,0.11,Neutral Phase,0.13,Neutral Phase
2/1/1990,1990,Feb,Neutral Phase,-1.8,0.31,Neutral Phase,0.45,Neutral Phase
3/1/1990,1990,Mar,Neutral Phase,-0.4,0.2,Neutral Phase,0.61,Warm Phase/El Nino
4/1/1990,1990,Apr,Neutral Phase,0.2,0.33,Neutral Phase,0.17,Neutral Phase
5/1/1990,1990,May,Neutral Phase,1.2,0.34,Neutral Phase,0.08,Neutral Phase
6/1/1990,1990,Jun,Neutral Phase,0.3,0.21,Neutral Phase,0.05,Neutral Phase
7/1/1990,1990,Jul,Neutral Phase,0.5,0.37,Neutral Phase,0.13,Neutral Phase
8/1/1990,1990,Aug,Neutral Phase,-0.2,0.42,Neutral Phase,0.02,Neutral Phase
9/1/1990,1990,Sep,Neutral Phase,-0.7,0.35,Neutral Phase,0.22,Neutral Phase
10/1/1990,1990,Oct,Neutral Phase,0.3,0.4,Neutral Phase,-0.07,Neutral Phase
11/1/1990,1990,Nov,Neutral Phase,-0.5,0.31,Neutral Phase,0.12,Neutral Phase
12/1/1990,1990,Dec,Neutral Phase,-0.2,0.48,Neutral Phase,0.31,Neutral Phase
1/1/1991,1991,Jan,Neutral Phase,0.6,0.45,Neutral Phase,0.19,Neutral Phase
2/1/1991,1991,Feb,Neutral Phase,0.3,0.29,Neutral Phase,0.08,Neutral Phase
3/1/1991,1991,Mar,Neutral Phase,-0.7,0.05,Neutral Phase,0.2,Neutral Phase
4/1/1991,1991,Apr,Neutral Phase,-0.6,0.32,Neutral Phase,0.2,Neutral Phase
5/1/1991,1991,May,Neutral Phase,-1,0.4,Neutral Phase,0.35,Neutral Phase
6/1/1991,1991,Jun,Warm Phase/El Nino,-0.1,0.65,Warm Phase/El Nino,0.97,Warm Phase/El Nino
7/1/1991,1991,Jul,Warm Phase/El Nino,0,0.86,Warm Phase/El Nino,0.91,Warm Phase/El Nino
8/1/1991,1991,Aug,Warm Phase/El Nino,-0.4,0.69,Warm Phase/El Nino,0.37,Neutral Phase
9/1/1991,1991,Sep,Warm Phase/El Nino,-1.5,0.36,Warm Phase/El Nino,0.54,Warm Phase/El Nino
10/1/1991,1991,Oct,Warm Phase/El Nino,-1,0.82,Warm Phase/El Nino,0.97,Warm Phase/El Nino
11/1/1991,1991,Nov,Warm Phase/El Nino,-0.7,1.19,Warm Phase/El Nino,1.04,Warm Phase/El Nino
12/1/1991,1991,Dec,Warm Phase/El Nino,-1.8,1.62,Warm Phase/El Nino,1.23,Warm Phase/El Nino
1/1/1992,1992,Jan,Warm Phase/El Nino,-2.9,1.78,Warm Phase/El Nino,1.68,Warm Phase/El Nino
2/1/1992,1992,Feb,Warm Phase/El Nino,-0.9,1.74,Warm Phase/El Nino,1.58,Warm Phase/El Nino
3/1/1992,1992,Mar,Warm Phase/El Nino,-2,1.38,Warm Phase/El Nino,1.71,Warm Phase/El Nino
4/1/1992,1992,Apr,Warm Phase/El Nino,-1,1.32,Warm Phase/El Nino,1.97,Warm Phase/El Nino
5/1/1992,1992,May,Warm Phase/El Nino,0.3,1.16,Warm Phase/El Nino,1.68,Warm Phase/El Nino
6/1/1992,1992,Jun,Warm Phase/El Nino,-0.6,0.7,Warm Phase/El Nino,1.51,Warm Phase/El Nino
7/1/1992,1992,Jul,Neutral Phase,-0.6,0.33,Neutral Phase,0.62,Warm Phase/El Nino
8/1/1992,1992,Aug,Neutral Phase,0.4,0.07,Neutral Phase,-0.02,Neutral Phase
9/1/1992,1992,Sep,Neutral Phase,0.1,-0.13,Neutral Phase,0.4,Neutral Phase
10/1/1992,1992,Oct,Neutral Phase,-1.4,-0.34,Neutral Phase,0.67,Warm Phase/El Nino
11/1/1992,1992,Nov,Neutral Phase,-0.7,-0.28,Neutral Phase,0.62,Warm Phase/El Nino
12/1/1992,1992,Dec,Neutral Phase,-0.6,-0.21,Neutral Phase,0.73,Warm Phase/El Nino
1/1/1993,1993,Jan,Neutral Phase,-0.9,0.1,Neutral Phase,0.79,Warm Phase/El Nino
2/1/1993,1993,Feb,Neutral Phase,-0.7,0.38,Neutral Phase,0.89,Warm Phase/El Nino
3/1/1993,1993,Mar,Neutral Phase,-0.5,0.4,Neutral Phase,0.77,Warm Phase/El Nino
4/1/1993,1993,Apr,Warm Phase/El Nino,-1.2,0.71,Warm Phase/El Nino,0.98,Warm Phase/El Nino
5/1/1993,1993,May,Warm Phase/El Nino,-0.3,0.91,Warm Phase/El Nino,1.47,Warm Phase/El Nino
6/1/1993,1993,Jun,Warm Phase/El Nino,-0.8,0.48,Warm Phase/El Nino,1.51,Warm Phase/El Nino
7/1/1993,1993,Jul,Neutral Phase,-0.8,0.33,Neutral Phase,0.9,Warm Phase/El Nino
8/1/1993,1993,Aug,Neutral Phase,-0.9,0.15,Neutral Phase,0.6,Warm Phase/El Nino
9/1/1993,1993,Sep,Neutral Phase,-0.7,0.29,Neutral Phase,0.61,Warm Phase/El Nino
10/1/1993,1993,Oct,Neutral Phase,-1.1,0.02,Neutral Phase,0.96,Warm Phase/El Nino
11/1/1993,1993,Nov,Neutral Phase,-0.1,0.01,Neutral Phase,0.7,Warm Phase/El Nino
12/1/1993,1993,Dec,Neutral Phase,0.2,0.1,Neutral Phase,0.27,Neutral Phase
1/1/1994,1994,Jan,Neutral Phase,-0.1,0.06,Neutral Phase,-0.01,Neutral Phase
2/1/1994,1994,Feb,Neutral Phase,0.3,0.03,Neutral Phase,-0.21,Neutral Phase
3/1/1994,1994,Mar,Neutral Phase,-0.7,0.11,Neutral Phase,-0.23,Neutral Phase
4/1/1994,1994,Apr,Neutral Phase,-1.3,0.38,Neutral Phase,0.01,Neutral Phase
5/1/1994,1994,May,Neutral Phase,-0.7,0.43,Neutral Phase,-0.03,Neutral Phase
6/1/1994,1994,Jun,Neutral Phase,-0.4,0.44,Neutral Phase,0.25,Neutral Phase
7/1/1994,1994,Jul,Neutral Phase,-1.3,0.35,Neutral Phase,0.96,Warm Phase/El Nino
8/1/1994,1994,Aug,Neutral Phase,-1.2,0.54,Neutral Phase,0.87,Warm Phase/El Nino
9/1/1994,1994,Sep,Warm Phase/El Nino,-1.6,0.41,Warm Phase/El Nino,1.1,Warm Phase/El Nino
10/1/1994,1994,Oct,Warm Phase/El Nino,-1.1,0.71,Warm Phase/El Nino,1.52,Warm Phase/El Nino
11/1/1994,1994,Nov,Warm Phase/El Nino,-0.6,1.11,Warm Phase/El Nino,1.01,Warm Phase/El Nino
12/1/1994,1994,Dec,Warm Phase/El Nino,-1.2,1.19,Warm Phase/El Nino,0.91,Warm Phase/El Nino
1/1/1995,1995,Jan,Warm Phase/El Nino,-0.4,0.98,Warm Phase/El Nino,0.82,Warm Phase/El Nino
2/1/1995,1995,Feb,Warm Phase/El Nino,-0.1,0.71,Warm Phase/El Nino,0.54,Warm Phase/El Nino
3/1/1995,1995,Mar,Warm Phase/El Nino,0.8,0.48,Warm Phase/El Nino,0.17,Neutral Phase
4/1/1995,1995,Apr,Neutral Phase,-0.7,0.41,Neutral Phase,0.13,Neutral Phase
5/1/1995,1995,May,Neutral Phase,-0.4,0.02,Neutral Phase,0.14,Neutral Phase
6/1/1995,1995,Jun,Neutral Phase,0.1,-0.01,Neutral Phase,0.01,Neutral Phase
7/1/1995,1995,Jul,Neutral Phase,0.4,-0.11,Neutral Phase,-0.29,Neutral Phase
8/1/1995,1995,Aug,Cool Phase/La Nina,0.3,-0.61,Cool Phase/La Nina,-0.7,Cool Phase/La Nina
9/1/1995,1995,Sep,Cool Phase/La Nina,0.3,-0.9,Cool Phase/La Nina,-0.94,Cool Phase/La Nina
10/1/1995,1995,Oct,Cool Phase/La Nina,0,-0.92,Cool Phase/La Nina,-0.74,Cool Phase/La Nina
11/1/1995,1995,Nov,Cool Phase/La Nina,0,-1.1,Cool Phase/La Nina,-0.77,Cool Phase/La Nina
12/1/1995,1995,Dec,Cool Phase/La Nina,-0.5,-1,Cool Phase/La Nina,-0.9,Cool Phase/La Nina
1/1/1996,1996,Jan,Cool Phase/La Nina,1,-0.86,Cool Phase/La Nina,-0.85,Cool Phase/La Nina
2/1/1996,1996,Feb,Cool Phase/La Nina,0.3,-0.85,Cool Phase/La Nina,-0.8,Cool Phase/La Nina
3/1/1996,1996,Mar,Cool Phase/La Nina,1.1,-0.56,Cool Phase/La Nina,-0.66,Cool Phase/La Nina
4/1/1996,1996,Apr,Neutral Phase,0.8,-0.36,Neutral Phase,-0.76,Cool Phase/La Nina
5/1/1996,1996,May,Neutral Phase,0.3,-0.26,Neutral Phase,-0.85,Cool Phase/La Nina
6/1/1996,1996,Jun,Neutral Phase,1.2,-0.3,Neutral Phase,-0.91,Cool Phase/La Nina
7/1/1996,1996,Jul,Neutral Phase,0.7,-0.32,Neutral Phase,-0.83,Cool Phase/La Nina
8/1/1996,1996,Aug,Neutral Phase,0.7,-0.2,Neutral Phase,-0.64,Cool Phase/La Nina
9/1/1996,1996,Sep,Neutral Phase,0.6,-0.45,Neutral Phase,-0.31,Neutral Phase
10/1/1996,1996,Oct,Neutral Phase,0.6,-0.4,Neutral Phase,-0.37,Neutral Phase
11/1/1996,1996,Nov,Neutral Phase,-0.1,-0.34,Neutral Phase,-0.34,Neutral Phase
12/1/1996,1996,Dec,Neutral Phase,0.9,-0.61,Neutral Phase,-0.47,Neutral Phase
1/1/1997,1997,Jan,Cool Phase/La Nina,0.5,-0.54,Cool Phase/La Nina,-0.65,Cool Phase/La Nina
2/1/1997,1997,Feb,Neutral Phase,1.7,-0.36,Neutral Phase,-0.72,Cool Phase/La Nina
3/1/1997,1997,Mar,Neutral Phase,-0.4,-0.2,Neutral Phase,-0.3,Neutral Phase
4/1/1997,1997,Apr,Neutral Phase,-0.6,0.27,Neutral Phase,0.15,Neutral Phase
5/1/1997,1997,May,Warm Phase/El Nino,-1.3,0.76,Warm Phase/El Nino,0.71,Warm Phase/El Nino
6/1/1997,1997,Jun,Warm Phase/El Nino,-1.4,1.22,Warm Phase/El Nino,2.34,Warm Phase/El Nino
7/1/1997,1997,Jul,Warm Phase/El Nino,-0.8,1.67,Warm Phase/El Nino,2.26,Warm Phase/El Nino
8/1/1997,1997,Aug,Warm Phase/El Nino,-1.4,1.91,Warm Phase/El Nino,2.26,Warm Phase/El Nino
9/1/1997,1997,Sep,Warm Phase/El Nino,-1.4,2.12,Warm Phase/El Nino,2.2,Warm Phase/El Nino
10/1/1997,1997,Oct,Warm Phase/El Nino,-1.5,2.4,Warm Phase/El Nino,2.06,Warm Phase/El Nino
11/1/1997,1997,Nov,Warm Phase/El Nino,-1.2,2.48,Warm Phase/El Nino,2.14,Warm Phase/El Nino
12/1/1997,1997,Dec,Warm Phase/El Nino,-1,2.32,Warm Phase/El Nino,2.11,Warm Phase/El Nino
1/1/1998,1998,Jan,Warm Phase/El Nino,-2.7,2.37,Warm Phase/El Nino,2.3,Warm Phase/El Nino
2/1/1998,1998,Feb,Warm Phase/El Nino,-2,2.03,Warm Phase/El Nino,2.45,Warm Phase/El Nino
3/1/1998,1998,Mar,Warm Phase/El Nino,-2.4,1.38,Warm Phase/El Nino,2.27,Warm Phase/El Nino
4/1/1998,1998,Apr,Warm Phase/El Nino,-1.4,0.9,Warm Phase/El Nino,2.61,Warm Phase/El Nino
5/1/1998,1998,May,Neutral Phase,0.3,0.7,Neutral Phase,2.33,Warm Phase/El Nino
6/1/1998,1998,Jun,Neutral Phase,1,-0.24,Neutral Phase,0.42,Neutral Phase
7/1/1998,1998,Jul,Cool Phase/La Nina,1.2,-0.86,Cool Phase/La Nina,-1.53,Cool Phase/La Nina
8/1/1998,1998,Aug,Cool Phase/La Nina,1.2,-1.25,Cool Phase/La Nina,-1.82,Cool Phase/La Nina
9/1/1998,1998,Sep,Cool Phase/La Nina,1,-1.26,Cool Phase/La Nina,-1.4,Cool Phase/La Nina
10/1/1998,1998,Oct,Cool Phase/La Nina,1.1,-1.41,Cool Phase/La Nina,-1.29,Cool Phase/La Nina
11/1/1998,1998,Nov,Cool Phase/La Nina,1,-1.38,Cool Phase/La Nina,-1.34,Cool Phase/La Nina
12/1/1998,1998,Dec,Cool Phase/La Nina,1.4,-1.64,Cool Phase/La Nina,-1.29,Cool Phase/La Nina
1/1/1999,1999,Jan,Cool Phase/La Nina,1.8,-1.69,Cool Phase/La Nina,-1.28,Cool Phase/La Nina
2/1/1999,1999,Feb,Cool Phase/La Nina,1,-1.31,Cool Phase/La Nina,-1.2,Cool Phase/La Nina
3/1/1999,1999,Mar,Cool Phase/La Nina,1.3,-0.9,Cool Phase/La Nina,-1.15,Cool Phase/La Nina
4/1/1999,1999,Apr,Cool Phase/La Nina,1.4,-1,Cool Phase/La Nina,-1.16,Cool Phase/La Nina
5/1/1999,1999,May,Cool Phase/La Nina,0.2,-1.02,Cool Phase/La Nina,-1.33,Cool Phase/La Nina
6/1/1999,1999,Jun,Cool Phase/La Nina,0.3,-1.05,Cool Phase/La Nina,-1.26,Cool Phase/La Nina
7/1/1999,1999,Jul,Cool Phase/La Nina,0.5,-1.05,Cool Phase/La Nina,-1.18,Cool Phase/La Nina
8/1/1999,1999,Aug,Cool Phase/La Nina,0.4,-1.19,Cool Phase/La Nina,-1.03,Cool Phase/La Nina
9/1/1999,1999,Sep,Cool Phase/La Nina,-0.1,-1.09,Cool Phase/La Nina,-1.16,Cool Phase/La Nina
10/1/1999,1999,Oct,Cool Phase/La Nina,1,-1.19,Cool Phase/La Nina,-1.33,Cool Phase/La Nina
11/1/1999,1999,Nov,Cool Phase/La Nina,1,-1.5,Cool Phase/La Nina,-1.33,Cool Phase/La Nina
12/1/1999,1999,Dec,Cool Phase/La Nina,1.4,-1.7,Cool Phase/La Nina,-1.43,Cool Phase/La Nina
1/1/2000,2000,Jan,Cool Phase/La Nina,0.7,-1.77,Cool Phase/La Nina,-1.25,Cool Phase/La Nina
2/1/2000,2000,Feb,Cool Phase/La Nina,1.7,-1.53,Cool Phase/La Nina,-1.26,Cool Phase/La Nina
3/1/2000,2000,Mar,Cool Phase/La Nina,1.3,-0.93,Cool Phase/La Nina,-1.37,Cool Phase/La Nina
4/1/2000,2000,Apr,Cool Phase/La Nina,1.2,-0.75,Cool Phase/La Nina,-0.9,Cool Phase/La Nina
5/1/2000,2000,May,Cool Phase/La Nina,0.4,-0.74,Cool Phase/La Nina,-0.93,Cool Phase/La Nina
6/1/2000,2000,Jun,Cool Phase/La Nina,-0.2,-0.64,Cool Phase/La Nina,-1.18,Cool Phase/La Nina
7/1/2000,2000,Jul,Cool Phase/La Nina,-0.2,-0.55,Cool Phase/La Nina,-0.61,Cool Phase/La Nina
8/1/2000,2000,Aug,Cool Phase/La Nina,0.7,-0.47,Cool Phase/La Nina,-0.08,Neutral Phase
9/1/2000,2000,Sep,Cool Phase/La Nina,0.9,-0.52,Cool Phase/La Nina,-0.35,Neutral Phase
10/1/2000,2000,Oct,Cool Phase/La Nina,1.1,-0.65,Cool Phase/La Nina,-0.52,Cool Phase/La Nina
11/1/2000,2000,Nov,Cool Phase/La Nina,1.8,-0.71,Cool Phase/La Nina,-0.86,Cool Phase/La Nina
12/1/2000,2000,Dec,Cool Phase/La Nina,0.8,-0.88,Cool Phase/La Nina,-0.79,Cool Phase/La Nina
1/1/2001,2001,Jan,Cool Phase/La Nina,1,-0.63,Cool Phase/La Nina,-0.83,Cool Phase/La Nina
2/1/2001,2001,Feb,Cool Phase/La Nina,1.7,-0.53,Cool Phase/La Nina,-0.86,Cool Phase/La Nina
3/1/2001,2001,Mar,Neutral Phase,0.9,-0.39,Neutral Phase,-0.78,Cool Phase/La Nina
4/1/2001,2001,Apr,Neutral Phase,0.2,-0.39,Neutral Phase,-0.55,Cool Phase/La Nina
5/1/2001,2001,May,Neutral Phase,-0.5,-0.24,Neutral Phase,-0.51,Cool Phase/La Nina
6/1/2001,2001,Jun,Neutral Phase,0.3,-0.11,Neutral Phase,-0.73,Cool Phase/La Nina
7/1/2001,2001,Jul,Neutral Phase,-0.2,-0.01,Neutral Phase,0.04,Neutral Phase
8/1/2001,2001,Aug,Neutral Phase,-0.4,-0.1,Neutral Phase,0.38,Neutral Phase
9/1/2001,2001,Sep,Neutral Phase,0.2,-0.28,Neutral Phase,-0.06,Neutral Phase
10/1/2001,2001,Oct,Neutral Phase,0,-0.18,Neutral Phase,-0.22,Neutral Phase
11/1/2001,2001,Nov,Neutral Phase,0.7,-0.41,Neutral Phase,-0.28,Neutral Phase
12/1/2001,2001,Dec,Neutral Phase,-0.8,-0.46,Neutral Phase,0.06,Neutral Phase
1/1/2002,2002,Jan,Neutral Phase,0.4,-0.05,Neutral Phase,0.09,Neutral Phase
2/1/2002,2002,Feb,Neutral Phase,1.1,0.06,Neutral Phase,-0.26,Neutral Phase
3/1/2002,2002,Mar,Neutral Phase,-0.2,0.09,Neutral Phase,-0.2,Neutral Phase
4/1/2002,2002,Apr,Neutral Phase,-0.1,0.12,Neutral Phase,-0.36,Neutral Phase
5/1/2002,2002,May,Neutral Phase,-0.8,0.4,Neutral Phase,-0.14,Neutral Phase
6/1/2002,2002,Jun,Warm Phase/El Nino,-0.2,0.79,Warm Phase/El Nino,0.34,Neutral Phase
7/1/2002,2002,Jul,Warm Phase/El Nino,-0.5,0.77,Warm Phase/El Nino,0.44,Neutral Phase
8/1/2002,2002,Aug,Warm Phase/El Nino,-1,0.81,Warm Phase/El Nino,1.01,Warm Phase/El Nino
9/1/2002,2002,Sep,Warm Phase/El Nino,-0.6,1.01,Warm Phase/El Nino,0.88,Warm Phase/El Nino
10/1/2002,2002,Oct,Warm Phase/El Nino,-0.4,1.2,Warm Phase/El Nino,0.84,Warm Phase/El Nino
11/1/2002,2002,Nov,Warm Phase/El Nino,-0.5,1.41,Warm Phase/El Nino,0.84,Warm Phase/El Nino
12/1/2002,2002,Dec,Warm Phase/El Nino,-1.1,1.31,Warm Phase/El Nino,0.91,Warm Phase/El Nino
1/1/2003,2003,Jan,Warm Phase/El Nino,-0.2,0.7,Warm Phase/El Nino,0.82,Warm Phase/El Nino
2/1/2003,2003,Feb,Warm Phase/El Nino,-0.7,0.74,Warm Phase/El Nino,0.63,Warm Phase/El Nino
3/1/2003,2003,Mar,Neutral Phase,-0.3,0.45,Neutral Phase,0.53,Warm Phase/El Nino
4/1/2003,2003,Apr,Neutral Phase,-0.1,-0.05,Neutral Phase,-0.11,Neutral Phase
5/1/2003,2003,May,Neutral Phase,-0.3,-0.52,Neutral Phase,-0.61,Cool Phase/La Nina
6/1/2003,2003,Jun,Neutral Phase,-0.6,-0.21,Neutral Phase,-0.1,Neutral Phase
7/1/2003,2003,Jul,Neutral Phase,0.3,0.24,Neutral Phase,0.01,Neutral Phase
8/1/2003,2003,Aug,Neutral Phase,0.1,0.2,Neutral Phase,0.05,Neutral Phase
9/1/2003,2003,Sep,Neutral Phase,-0.1,0.19,Neutral Phase,0.18,Neutral Phase
10/1/2003,2003,Oct,Neutral Phase,0,0.38,Neutral Phase,0.28,Neutral Phase
11/1/2003,2003,Nov,Neutral Phase,-0.3,0.29,Neutral Phase,0.3,Neutral Phase
12/1/2003,2003,Dec,Neutral Phase,1.1,0.38,Neutral Phase,0.14,Neutral Phase
1/1/2004,2004,Jan,Neutral Phase,-1.3,0.38,Neutral Phase,0.19,Neutral Phase
2/1/2004,2004,Feb,Neutral Phase,1.2,0.34,Neutral Phase,-0.05,Neutral Phase
3/1/2004,2004,Mar,Neutral Phase,0.4,0.21,Neutral Phase,-0.43,Neutral Phase
4/1/2004,2004,Apr,Neutral Phase,-0.9,0.16,Neutral Phase,-0.23,Neutral Phase
5/1/2004,2004,May,Neutral Phase,1,0.14,Neutral Phase,-0.46,Neutral Phase
6/1/2004,2004,Jun,Neutral Phase,-0.8,0.2,Neutral Phase,-0.39,Neutral Phase
7/1/2004,2004,Jul,Neutral Phase,-0.5,0.51,Neutral Phase,0.46,Neutral Phase
8/1/2004,2004,Aug,Warm Phase/El Nino,-0.3,0.7,Warm Phase/El Nino,0.77,Warm Phase/El Nino
9/1/2004,2004,Sep,Warm Phase/El Nino,-0.3,0.72,Warm Phase/El Nino,0.59,Warm Phase/El Nino
10/1/2004,2004,Oct,Warm Phase/El Nino,-0.1,0.68,Warm Phase/El Nino,0.4,Neutral Phase
11/1/2004,2004,Nov,Warm Phase/El Nino,-0.7,0.61,Warm Phase/El Nino,0.56,Warm Phase/El Nino
12/1/2004,2004,Dec,Warm Phase/El Nino,-0.8,0.69,Warm Phase/El Nino,0.48,Neutral Phase
1/1/2005,2005,Jan,Warm Phase/El Nino,0.3,0.76,Warm Phase/El Nino,0.09,Neutral Phase
2/1/2005,2005,Feb,Warm Phase/El Nino,-3.1,0.46,Warm Phase/El Nino,0.61,Warm Phase/El Nino
3/1/2005,2005,Mar,Neutral Phase,0.3,0.53,Neutral Phase,0.83,Warm Phase/El Nino
4/1/2005,2005,Apr,Neutral Phase,-0.6,0.35,Neutral Phase,0.14,Neutral Phase
5/1/2005,2005,May,Neutral Phase,-0.8,0.39,Neutral Phase,0.19,Neutral Phase
6/1/2005,2005,Jun,Neutral Phase,0.4,0.12,Neutral Phase,0.2,Neutral Phase
7/1/2005,2005,Jul,Neutral Phase,0.2,-0.19,Neutral Phase,0,Neutral Phase
8/1/2005,2005,Aug,Neutral Phase,-0.3,-0.1,Neutral Phase,0.01,Neutral Phase
9/1/2005,2005,Sep,Neutral Phase,0.4,-0.11,Neutral Phase,-0.02,Neutral Phase
10/1/2005,2005,Oct,Neutral Phase,1.2,-0.1,Neutral Phase,-0.66,Cool Phase/La Nina
11/1/2005,2005,Nov,Cool Phase/La Nina,-0.2,-0.64,Cool Phase/La Nina,-0.7,Cool Phase/La Nina
12/1/2005,2005,Dec,Cool Phase/La Nina,0,-0.97,Cool Phase/La Nina,-0.7,Cool Phase/La Nina
1/1/2006,2006,Jan,Cool Phase/La Nina,1.7,-0.91,Cool Phase/La Nina,-0.64,Cool Phase/La Nina
2/1/2006,2006,Feb,Cool Phase/La Nina,0.1,-0.67,Cool Phase/La Nina,-0.48,Neutral Phase
3/1/2006,2006,Mar,Cool Phase/La Nina,1.8,-0.71,Cool Phase/La Nina,-0.62,Cool Phase/La Nina
4/1/2006,2006,Apr,Neutral Phase,1.1,-0.32,Neutral Phase,-0.84,Cool Phase/La Nina
5/1/2006,2006,May,Neutral Phase,-0.5,-0.09,Neutral Phase,-0.42,Neutral Phase
6/1/2006,2006,Jun,Neutral Phase,-0.2,0,Neutral Phase,-0.18,Neutral Phase
7/1/2006,2006,Jul,Neutral Phase,-0.6,0.01,Neutral Phase,0.21,Neutral Phase
8/1/2006,2006,Aug,Neutral Phase,-1,0.31,Neutral Phase,0.59,Warm Phase/El Nino
9/1/2006,2006,Sep,Warm Phase/El Nino,-0.6,0.6,Warm Phase/El Nino,0.65,Warm Phase/El Nino
10/1/2006,2006,Oct,Warm Phase/El Nino,-1.3,0.7,Warm Phase/El Nino,0.77,Warm Phase/El Nino
11/1/2006,2006,Nov,Warm Phase/El Nino,0.1,0.99,Warm Phase/El Nino,1,Warm Phase/El Nino
12/1/2006,2006,Dec,Warm Phase/El Nino,-0.3,1.14,Warm Phase/El Nino,0.64,Warm Phase/El Nino
1/1/2007,2007,Jan,Warm Phase/El Nino,-0.8,0.7,Warm Phase/El Nino,0.64,Warm Phase/El Nino
2/1/2007,2007,Feb,Neutral Phase,-0.1,0.13,Neutral Phase,0.39,Neutral Phase
3/1/2007,2007,Mar,Neutral Phase,0.2,-0.18,Neutral Phase,-0.19,Neutral Phase
4/1/2007,2007,Apr,Neutral Phase,-0.1,-0.31,Neutral Phase,-0.32,Neutral Phase
5/1/2007,2007,May,Neutral Phase,-0.1,-0.47,Neutral Phase,-0.41,Neutral Phase
6/1/2007,2007,Jun,Neutral Phase,0.5,-0.36,Neutral Phase,-0.83,Cool Phase/La Nina
7/1/2007,2007,Jul,Cool Phase/La Nina,-0.3,-0.59,Cool Phase/La Nina,-0.75,Cool Phase/La Nina
8/1/2007,2007,Aug,Cool Phase/La Nina,0.4,-0.72,Cool Phase/La Nina,-0.9,Cool Phase/La Nina
9/1/2007,2007,Sep,Cool Phase/La Nina,0.2,-1.11,Cool Phase/La Nina,-1.06,Cool Phase/La Nina
10/1/2007,2007,Oct,Cool Phase/La Nina,0.7,-1.39,Cool Phase/La Nina,-1.13,Cool Phase/La Nina
11/1/2007,2007,Nov,Cool Phase/La Nina,0.9,-1.53,Cool Phase/La Nina,-1.12,Cool Phase/La Nina
12/1/2007,2007,Dec,Cool Phase/La Nina,1.7,-1.58,Cool Phase/La Nina,-1.19,Cool Phase/La Nina
1/1/2008,2008,Jan,Cool Phase/La Nina,1.8,-1.68,Cool Phase/La Nina,-1.06,Cool Phase/La Nina
2/1/2008,2008,Feb,Cool Phase/La Nina,2.6,-1.66,Cool Phase/La Nina,-1.27,Cool Phase/La Nina
3/1/2008,2008,Mar,Cool Phase/La Nina,1.4,-1.21,Cool Phase/La Nina,-1.52,Cool Phase/La Nina
4/1/2008,2008,Apr,Cool Phase/La Nina,0.7,-0.99,Cool Phase/La Nina,-1.11,Cool Phase/La Nina
5/1/2008,2008,May,Cool Phase/La Nina,-0.1,-0.84,Cool Phase/La Nina,-0.99,Cool Phase/La Nina
6/1/2008,2008,Jun,Cool Phase/La Nina,0.6,-0.68,Cool Phase/La Nina,-0.8,Cool Phase/La Nina
7/1/2008,2008,Jul,Neutral Phase,0.3,-0.3,Neutral Phase,-0.78,Cool Phase/La Nina
8/1/2008,2008,Aug,Neutral Phase,1,-0.13,Neutral Phase,-1.01,Cool Phase/La Nina
9/1/2008,2008,Sep,Neutral Phase,1.2,-0.25,Neutral Phase,-1.02,Cool Phase/La Nina
10/1/2008,2008,Oct,Neutral Phase,1.3,-0.35,Neutral Phase,-1.08,Cool Phase/La Nina
11/1/2008,2008,Nov,Cool Phase/La Nina,1.3,-0.46,Cool Phase/La Nina,-0.98,Cool Phase/La Nina
12/1/2008,2008,Dec,Cool Phase/La Nina,1.4,-0.86,Cool Phase/La Nina,-1.01,Cool Phase/La Nina
1/1/2009,2009,Jan,Cool Phase/La Nina,1.1,-0.89,Cool Phase/La Nina,-1.01,Cool Phase/La Nina
2/1/2009,2009,Feb,Cool Phase/La Nina,1.9,-0.79,Cool Phase/La Nina,-0.85,Cool Phase/La Nina
3/1/2009,2009,Mar,Cool Phase/La Nina,0.4,-0.7,Cool Phase/La Nina,-0.95,Cool Phase/La Nina
4/1/2009,2009,Apr,Neutral Phase,0.8,-0.35,Neutral Phase,-0.81,Cool Phase/La Nina
5/1/2009,2009,May,Neutral Phase,-0.1,0.06,Neutral Phase,-0.72,Cool Phase/La Nina
6/1/2009,2009,Jun,Neutral Phase,0.1,0.31,Neutral Phase,-0.05,Neutral Phase
7/1/2009,2009,Jul,Neutral Phase,0.2,0.48,Neutral Phase,0.56,Warm Phase/El Nino
8/1/2009,2009,Aug,Warm Phase/El Nino,-0.2,0.56,Warm Phase/El Nino,0.56,Warm Phase/El Nino
9/1/2009,2009,Sep,Warm Phase/El Nino,0.3,0.68,Warm Phase/El Nino,0.42,Neutral Phase
10/1/2009,2009,Oct,Warm Phase/El Nino,-1.2,0.89,Warm Phase/El Nino,0.56,Warm Phase/El Nino
11/1/2009,2009,Nov,Warm Phase/El Nino,-0.6,1.45,Warm Phase/El Nino,1.04,Warm Phase/El Nino
12/1/2009,2009,Dec,Warm Phase/El Nino,-0.7,1.73,Warm Phase/El Nino,0.95,Warm Phase/El Nino
1/1/2010,2010,Jan,Warm Phase/El Nino,-1.1,1.51,Warm Phase/El Nino,0.93,Warm Phase/El Nino
2/1/2010,2010,Feb,Warm Phase/El Nino,-1.5,1.25,Warm Phase/El Nino,1.28,Warm Phase/El Nino
3/1/2010,2010,Mar,Warm Phase/El Nino,-0.7,0.9,Warm Phase/El Nino,1.33,Warm Phase/El Nino
4/1/2010,2010,Apr,Neutral Phase,1.2,0.38,Neutral Phase,0.49,Neutral Phase
5/1/2010,2010,May,Neutral Phase,0.9,-0.22,Neutral Phase,-0.12,Neutral Phase
6/1/2010,2010,Jun,Cool Phase/La Nina,0.4,-0.69,Cool Phase/La Nina,-1.29,Cool Phase/La Nina
7/1/2010,2010,Jul,Cool Phase/La Nina,1.8,-1.07,Cool Phase/La Nina,-2.43,Cool Phase/La Nina
8/1/2010,2010,Aug,Cool Phase/La Nina,1.8,-1.38,Cool Phase/La Nina,-2.38,Cool Phase/La Nina
9/1/2010,2010,Sep,Cool Phase/La Nina,2.2,-1.59,Cool Phase/La Nina,-2.26,Cool Phase/La Nina
10/1/2010,2010,Oct,Cool Phase/La Nina,1.7,-1.69,Cool Phase/La Nina,-2.16,Cool Phase/La Nina
11/1/2010,2010,Nov,Cool Phase/La Nina,1.3,-1.64,Cool Phase/La Nina,-2.01,Cool Phase/La Nina
12/1/2010,2010,Dec,Cool Phase/La Nina,2.9,-1.6,Cool Phase/La Nina,-1.86,Cool Phase/La Nina
1/1/2011,2011,Jan,Cool Phase/La Nina,2.3,-1.54,Cool Phase/La Nina,-1.77,Cool Phase/La Nina
2/1/2011,2011,Feb,Cool Phase/La Nina,2.7,-1.11,Cool Phase/La Nina,-1.59,Cool Phase/La Nina
3/1/2011,2011,Mar,Cool Phase/La Nina,2.5,-0.92,Cool Phase/La Nina,-1.75,Cool Phase/La Nina
4/1/2011,2011,Apr,Cool Phase/La Nina,1.9,-0.76,Cool Phase/La Nina,-1.69,Cool Phase/La Nina
5/1/2011,2011,May,Cool Phase/La Nina,0.4,-0.52,Cool Phase/La Nina,-1.23,Cool Phase/La Nina
6/1/2011,2011,Jun,Neutral Phase,0.2,-0.38,Neutral Phase,-1.02,Cool Phase/La Nina
7/1/2011,2011,Jul,Neutral Phase,1,-0.42,Neutral Phase,-0.75,Cool Phase/La Nina
8/1/2011,2011,Aug,Cool Phase/La Nina,0.4,-0.64,Cool Phase/La Nina,-0.81,Cool Phase/La Nina
9/1/2011,2011,Sep,Cool Phase/La Nina,1,-0.8,Cool Phase/La Nina,-1.08,Cool Phase/La Nina
10/1/2011,2011,Oct,Cool Phase/La Nina,0.8,-1.05,Cool Phase/La Nina,-1.3,Cool Phase/La Nina
11/1/2011,2011,Nov,Cool Phase/La Nina,1.1,-1.18,Cool Phase/La Nina,-1.14,Cool Phase/La Nina
12/1/2011,2011,Dec,Cool Phase/La Nina,2.5,-1.05,Cool Phase/La Nina,-1.18,Cool Phase/La Nina
1/1/2012,2012,Jan,Cool Phase/La Nina,1.1,-0.87,Cool Phase/La Nina,-1.07,Cool Phase/La Nina
2/1/2012,2012,Feb,Cool Phase/La Nina,0.5,-0.67,Cool Phase/La Nina,-0.68,Cool Phase/La Nina
3/1/2012,2012,Mar,Cool Phase/La Nina,0.7,-0.61,Cool Phase/La Nina,-0.58,Cool Phase/La Nina
4/1/2012,2012,Apr,Neutral Phase,-0.3,-0.49,Neutral Phase,-0.38,Neutral Phase
5/1/2012,2012,May,Neutral Phase,0,-0.32,Neutral Phase,-0.32,Neutral Phase
6/1/2012,2012,Jun,Neutral Phase,-0.4,0.02,Neutral Phase,-0.28,Neutral Phase
7/1/2012,2012,Jul,Neutral Phase,0,0.25,Neutral Phase,0.34,Neutral Phase
8/1/2012,2012,Aug,Neutral Phase,-0.2,0.47,Neutral Phase,-0.02,Neutral Phase
9/1/2012,2012,Sep,Neutral Phase,0.2,0.38,Neutral Phase,-0.29,Neutral Phase
10/1/2012,2012,Oct,Neutral Phase,0.3,0.26,Neutral Phase,-0.19,Neutral Phase
11/1/2012,2012,Nov,Neutral Phase,0.3,0.15,Neutral Phase,-0.03,Neutral Phase
12/1/2012,2012,Dec,Neutral Phase,-0.6,-0.25,Neutral Phase,-0.03,Neutral Phase
1/1/2013,2013,Jan,Neutral Phase,-0.1,-0.53,Neutral Phase,-0.06,Neutral Phase
2/1/2013,2013,Feb,Neutral Phase,-0.2,-0.51,Neutral Phase,-0.08,Neutral Phase
3/1/2013,2013,Mar,Neutral Phase,1.5,-0.25,Neutral Phase,-0.12,Neutral Phase
4/1/2013,2013,Apr,Neutral Phase,0.2,-0.25,Neutral Phase,-0.35,Neutral Phase
5/1/2013,2013,May,Neutral Phase,0.8,-0.4,Neutral Phase,-0.68,Cool Phase/La Nina
6/1/2013,2013,Jun,Neutral Phase,1.2,-0.43,Neutral Phase,-1.14,Cool Phase/La Nina
7/1/2013,2013,Jul,Neutral Phase,0.8,-0.39,Neutral Phase,-0.79,Cool Phase/La Nina
8/1/2013,2013,Aug,Neutral Phase,0.2,-0.38,Neutral Phase,-0.45,Neutral Phase
9/1/2013,2013,Sep,Neutral Phase,0.3,-0.18,Neutral Phase,-0.33,Neutral Phase
10/1/2013,2013,Oct,Neutral Phase,-0.1,-0.2,Neutral Phase,-0.13,Neutral Phase
11/1/2013,2013,Nov,Neutral Phase,0.7,-0.14,Neutral Phase,-0.16,Neutral Phase
12/1/2013,2013,Dec,Neutral Phase,0.1,-0.17,Neutral Phase,-0.34,Neutral Phase
1/1/2014,2014,Jan,Neutral Phase,1.4,-0.49,Neutral Phase,-0.5,Cool Phase/La Nina
2/1/2014,2014,Feb,Neutral Phase,0.1,-0.61,Neutral Phase,-0.42,Neutral Phase
3/1/2014,2014,Mar,Neutral Phase,-0.9,-0.28,Neutral Phase,-0.05,Neutral Phase
4/1/2014,2014,Apr,Neutral Phase,0.8,0.09,Neutral Phase,-0.16,Neutral Phase
5/1/2014,2014,May,Neutral Phase,0.5,0.32,Neutral Phase,-0.17,Neutral Phase
6/1/2014,2014,Jun,Neutral Phase,0.2,0.23,Neutral Phase,0,Neutral Phase
7/1/2014,2014,Jul,Neutral Phase,-0.2,-0.06,Neutral Phase,0.42,Neutral Phase
8/1/2014,2014,Aug,Neutral Phase,-0.7,-0.03,Neutral Phase,0.23,Neutral Phase
9/1/2014,2014,Sep,Neutral Phase,-0.7,0.29,Neutral Phase,-0.09,Neutral Phase
10/1/2014,2014,Oct,Neutral Phase,-0.6,0.44,Neutral Phase,0.12,Neutral Phase
11/1/2014,2014,Nov,Warm Phase/El Nino,-0.9,0.75,Warm Phase/El Nino,0.37,Neutral Phase
12/1/2014,2014,Dec,Warm Phase/El Nino,-0.6,0.72,Warm Phase/El Nino,0.35,Neutral Phase
1/1/2015,2015,Jan,Warm Phase/El Nino,-0.8,0.51,Warm Phase/El Nino,0.23,Neutral Phase
2/1/2015,2015,Feb,Neutral Phase,0.2,0.42,Neutral Phase,0.06,Neutral Phase
3/1/2015,2015,Mar,Warm Phase/El Nino,-0.7,0.47,Warm Phase/El Nino,0.15,Neutral Phase
4/1/2015,2015,Apr,Warm Phase/El Nino,0,0.7,Warm Phase/El Nino,0.31,Neutral Phase
5/1/2015,2015,May,Warm Phase/El Nino,-0.7,0.92,Warm Phase/El Nino,0.95,Warm Phase/El Nino
6/1/2015,2015,Jun,Warm Phase/El Nino,-0.6,1.17,Warm Phase/El Nino,1.9,Warm Phase/El Nino
7/1/2015,2015,Jul,Warm Phase/El Nino,-1.1,1.45,Warm Phase/El Nino,1.79,Warm Phase/El Nino
8/1/2015,2015,Aug,Warm Phase/El Nino,-1.4,1.93,Warm Phase/El Nino,1.95,Warm Phase/El Nino
9/1/2015,2015,Sep,Warm Phase/El Nino,-1.6,2.2,Warm Phase/El Nino,2.24,Warm Phase/El Nino
10/1/2015,2015,Oct,Warm Phase/El Nino,-1.7,2.36,Warm Phase/El Nino,2.15,Warm Phase/El Nino
11/1/2015,2015,Nov,Warm Phase/El Nino,-0.5,2.71,Warm Phase/El Nino,1.94,Warm Phase/El Nino
12/1/2015,2015,Dec,Warm Phase/El Nino,-0.6,2.65,Warm Phase/El Nino,1.93,Warm Phase/El Nino
1/1/2016,2016,Jan,Warm Phase/El Nino,-2.2,2.56,Warm Phase/El Nino,1.94,Warm Phase/El Nino
2/1/2016,2016,Feb,Warm Phase/El Nino,-2,2.24,Warm Phase/El Nino,1.81,Warm Phase/El Nino
3/1/2016,2016,Mar,Warm Phase/El Nino,-0.1,1.61,Warm Phase/El Nino,1.32,Warm Phase/El Nino
4/1/2016,2016,Apr,Warm Phase/El Nino,-1.2,0.9,Warm Phase/El Nino,1.33,Warm Phase/El Nino
5/1/2016,2016,May,Neutral Phase,0.4,0.3,Neutral Phase,1.24,Warm Phase/El Nino
6/1/2016,2016,Jun,Neutral Phase,0.6,-0.03,Neutral Phase,0.36,Neutral Phase
7/1/2016,2016,Jul,Neutral Phase,0.4,-0.47,Neutral Phase,-0.53,Cool Phase/La Nina
8/1/2016,2016,Aug,Cool Phase/La Nina,0.7,-0.57,Cool Phase/La Nina,-0.27,Neutral Phase
9/1/2016,2016,Sep,Cool Phase/La Nina,1.2,-0.57,Cool Phase/La Nina,-0.29,Neutral Phase
10/1/2016,2016,Oct,Cool Phase/La Nina,-0.3,-0.74,Cool Phase/La Nina,-0.54,Cool Phase/La Nina
11/1/2016,2016,Nov,Cool Phase/La Nina,-0.1,-0.76,Cool Phase/La Nina,-0.48,Neutral Phase
12/1/2016,2016,Dec,Cool Phase/La Nina,0.3,-0.5,Cool Phase/La Nina,-0.37,Neutral Phase
1/1/2017,2017,Jan,Neutral Phase,0.2,-0.43,Neutral Phase,-0.43,Neutral Phase
2/1/2017,2017,Feb,Neutral Phase,-0.1,-0.08,Neutral Phase,-0.42,Neutral Phase
3/1/2017,2017,Mar,Neutral Phase,0.9,0.03,Neutral Phase,-0.58,Cool Phase/La Nina
4/1/2017,2017,Apr,Neutral Phase,-0.2,0.21,Neutral Phase,-0.19,Neutral Phase
5/1/2017,2017,May,Neutral Phase,0.3,0.36,Neutral Phase,0.19,Neutral Phase
6/1/2017,2017,Jun,Neutral Phase,-0.4,0.33,Neutral Phase,-0.24,Neutral Phase
7/1/2017,2017,Jul,Neutral Phase,0.8,0.25,Neutral Phase,-0.63,Cool Phase/La Nina
8/1/2017,2017,Aug,Neutral Phase,0.5,-0.16,Neutral Phase,-0.73,Cool Phase/La Nina
9/1/2017,2017,Sep,Neutral Phase,0.6,-0.43,Neutral Phase,-0.74,Cool Phase/La Nina
10/1/2017,2017,Oct,Cool Phase/La Nina,0.9,-0.56,Cool Phase/La Nina,-0.59,Cool Phase/La Nina
11/1/2017,2017,Nov,Cool Phase/La Nina,0.9,-0.96,Cool Phase/La Nina,-0.62,Cool Phase/La Nina
12/1/2017,2017,Dec,Cool Phase/La Nina,-0.1,-0.99,Cool Phase/La Nina,-0.74,Cool Phase/La Nina
1/1/2018,2018,Jan,Cool Phase/La Nina,1.1,-0.98,Cool Phase/La Nina,-0.79,Cool Phase/La Nina
2/1/2018,2018,Feb,Cool Phase/La Nina,-0.5,-0.78,Cool Phase/La Nina,-0.71,Cool Phase/La Nina
3/1/2018,2018,Mar,Cool Phase/La Nina,1.5,-0.8,Cool Phase/La Nina,-0.8,Cool Phase/La Nina
4/1/2018,2018,Apr,Cool Phase/La Nina,0.5,-0.51,Cool Phase/La Nina,-1.32,Cool Phase/La Nina
5/1/2018,2018,May,Neutral Phase,0.4,-0.2,Neutral Phase,-0.94,Cool Phase/La Nina
6/1/2018,2018,Jun,Neutral Phase,-0.1,0.05,Neutral Phase,-0.52,Cool Phase/La Nina
7/1/2018,2018,Jul,Neutral Phase,0.2,0.12,Neutral Phase,-0.05,Neutral Phase
8/1/2018,2018,Aug,Neutral Phase,-0.3,0.09,Neutral Phase,0.46,Neutral Phase
9/1/2018,2018,Sep,Neutral Phase,-0.9,0.47,Neutral Phase,0.62,Warm Phase/El Nino
10/1/2018,2018,Oct,Warm Phase/El Nino,0.4,0.9,Warm Phase/El Nino,0.52,Warm Phase/El Nino
11/1/2018,2018,Nov,Warm Phase/El Nino,-0.1,0.9,Warm Phase/El Nino,0.33,Neutral Phase
12/1/2018,2018,Dec,Warm Phase/El Nino,1,0.89,Warm Phase/El Nino,0.18,Neutral Phase
1/1/2019,2019,Jan,Warm Phase/El Nino,0,0.65,Warm Phase/El Nino,0.09,Neutral Phase
2/1/2019,2019,Feb,Warm Phase/El Nino,-1.4,0.71,Warm Phase/El Nino,0.5,Warm Phase/El Nino
3/1/2019,2019,Mar,Warm Phase/El Nino,-0.3,0.8,Warm Phase/El Nino,0.76,Warm Phase/El Nino
4/1/2019,2019,Apr,Warm Phase/El Nino,0.1,0.62,Warm Phase/El Nino,0.3,Neutral Phase
5/1/2019,2019,May,Warm Phase/El Nino,-0.4,0.55,Warm Phase/El Nino,0.23,Neutral Phase
6/1/2019,2019,Jun,Neutral Phase,-0.5,0.45,Neutral Phase,0.35,Neutral Phase
7/1/2019,2019,Jul,Neutral Phase,-0.4,0.35,Neutral Phase,0.3,Neutral Phase
8/1/2019,2019,Aug,Neutral Phase,-0.1,0.04,Neutral Phase,0.32,Neutral Phase
9/1/2019,2019,Sep,Neutral Phase,-1.2,0.04,Neutral Phase,0.16,Neutral Phase
10/1/2019,2019,Oct,Neutral Phase,-0.4,0.48,Neutral Phase,0.31,Neutral Phase
11/1/2019,2019,Nov,Warm Phase/El Nino,-0.8,0.52,Warm Phase/El Nino,0.47,Neutral Phase
12/1/2019,2019,Dec,Warm Phase/El Nino,-0.6,0.52,Warm Phase/El Nino,0.36,Neutral Phase
1/1/2020,2020,Jan,Neutral Phase,0.2,0.6,Neutral Phase,0.25,Neutral Phase
2/1/2020,2020,Feb,Neutral Phase,-0.1,0.37,Neutral Phase,0.26,Neutral Phase
3/1/2020,2020,Mar,Neutral Phase,-0.1,0.48,Neutral Phase,0.13,Neutral Phase
4/1/2020,2020,Apr,Neutral Phase,0.2,0.36,Neutral Phase,-0.15,Neutral Phase
5/1/2020,2020,May,Neutral Phase,0.4,-0.27,Neutral Phase,-0.23,Neutral Phase
6/1/2020,2020,Jun,Neutral Phase,-0.4,-0.34,Neutral Phase,-0.68,Cool Phase/La Nina
7/1/2020,2020,Jul,Neutral Phase,0.4,-0.3,Neutral Phase,-0.94,Cool Phase/La Nina
8/1/2020,2020,Aug,Cool Phase/La Nina,1.1,-0.59,Cool Phase/La Nina,-0.96,Cool Phase/La Nina
9/1/2020,2020,Sep,Cool Phase/La Nina,0.9,-0.83,Cool Phase/La Nina,-1.15,Cool Phase/La Nina
10/1/2020,2020,Oct,Cool Phase/La Nina,0.5,-1.25,Cool Phase/La Nina,-1.17,Cool Phase/La Nina
11/1/2020,2020,Nov,Cool Phase/La Nina,0.7,-1.42,Cool Phase/La Nina,-1.13,Cool Phase/La Nina
12/1/2020,2020,Dec,Cool Phase/La Nina,1.8,-1.15,Cool Phase/La Nina,-1.14,Cool Phase/La Nina
1/1/2021,2021,Jan,Cool Phase/La Nina,1.9,-0.99,Cool Phase/La Nina,-1.2,Cool Phase/La Nina
2/1/2021,2021,Feb,Cool Phase/La Nina,1.5,-1,Cool Phase/La Nina,-0.96,Cool Phase/La Nina
3/1/2021,2021,Mar,Cool Phase/La Nina,0.4,-0.8,Cool Phase/La Nina,-0.79,Cool Phase/La Nina
4/1/2021,2021,Apr,Cool Phase/La Nina,0.3,-0.72,Cool Phase/La Nina,-0.95,Cool Phase/La Nina
5/1/2021,2021,May,Neutral Phase,0.5,-0.46,Neutral Phase,-1.07,Cool Phase/La Nina
6/1/2021,2021,Jun,Neutral Phase,0.4,-0.28,Neutral Phase,-1.05,Cool Phase/La Nina
7/1/2021,2021,Jul,Neutral Phase,1.4,-0.39,Neutral Phase,-1.44,Cool Phase/La Nina
8/1/2021,2021,Aug,Neutral Phase,0.6,-0.53,Neutral Phase,-1.29,Cool Phase/La Nina
9/1/2021,2021,Sep,Cool Phase/La Nina,0.8,-0.55,Cool Phase/La Nina,-1.38,Cool Phase/La Nina
10/1/2021,2021,Oct,Cool Phase/La Nina,0.7,-0.94,Cool Phase/La Nina,-1.46,Cool Phase/La Nina
11/1/2021,2021,Nov,Cool Phase/La Nina,1,-0.94,Cool Phase/La Nina,-1.39,Cool Phase/La Nina
12/1/2021,2021,Dec,Cool Phase/La Nina,1.5,-1.06,Cool Phase/La Nina,-1.2,Cool Phase/La Nina
1/1/2022,2022,Jan,Cool Phase/La Nina,0.5,-0.95,Cool Phase/La Nina,-1.01,Cool Phase/La Nina
2/1/2022,2022,Feb,Cool Phase/La Nina,1.1,-0.89,Cool Phase/La Nina,-0.98,Cool Phase/La Nina
3/1/2022,2022,Mar,Cool Phase/La Nina,1.8,-0.97,Cool Phase/La Nina,-1.31,Cool Phase/La Nina
4/1/2022,2022,Apr,Cool Phase/La Nina,1.7,-1.11,Cool Phase/La Nina,-1.61,Cool Phase/La Nina
5/1/2022,2022,May,Cool Phase/La Nina,1.4,-1.11,Cool Phase/La Nina,-1.63,Cool Phase/La Nina
6/1/2022,2022,Jun,Cool Phase/La Nina,1.7,-0.75,Cool Phase/La Nina,-1.9,Cool Phase/La Nina
7/1/2022,2022,Jul,Cool Phase/La Nina,0.8,-0.7,Cool Phase/La Nina,-2.17,Cool Phase/La Nina
8/1/2022,2022,Aug,Cool Phase/La Nina,1,-0.97,Cool Phase/La Nina,-1.75,Cool Phase/La Nina
9/1/2022,2022,Sep,Cool Phase/La Nina,1.6,-1.07,Cool Phase/La Nina,-1.73,Cool Phase/La Nina
10/1/2022,2022,Oct,Cool Phase/La Nina,1.7,-0.99,Cool Phase/La Nina,-1.73,Cool Phase/La Nina
11/1/2022,2022,Nov,Cool Phase/La Nina,0.3,-0.9,Cool Phase/La Nina,-1.53,Cool Phase/La Nina
12/1/2022,2022,Dec,Cool Phase/La Nina,2.1,-0.86,Cool Phase/La Nina,-1.28,Cool Phase/La Nina
1/1/2023,2023,Jan,Cool Phase/La Nina,1.4,-0.72,Cool Phase/La Nina,-1.11,Cool Phase/La Nina
2/1/2023,2023,Feb,Neutral Phase,1.4,-0.46,Neutral Phase,-0.91,Cool Phase/La Nina
3/1/2023,2023,Mar,Neutral Phase,0.2,-0.11,Neutral Phase,-0.76,Cool Phase/La Nina
4/1/2023,2023,Apr,Neutral Phase,0.2,0.13,Neutral Phase,-0.37,Neutral Phase
5/1/2023,2023,May,Neutral Phase,-1,0.46,Neutral Phase,-0.06,Neutral Phase
6/1/2023,2023,Jun,Warm Phase/El Nino,0.3,0.84,Warm Phase/El Nino,0.43,Neutral Phase
7/1/2023,2023,Jul,Warm Phase/El Nino,-0.3,1.02,Warm Phase/El Nino,0.5,Warm Phase/El Nino
8/1/2023,2023,Aug,Warm Phase/El Nino,-0.8,1.35,Warm Phase/El Nino,0.51,Warm Phase/El Nino
9/1/2023,2023,Sep,Warm Phase/El Nino,-1.3,1.6,Warm Phase/El Nino,0.68,Warm Phase/El Nino
10/1/2023,2023,Oct,Warm Phase/El Nino,-0.5,1.72,Warm Phase/El Nino,0.48,Neutral Phase
11/1/2023,2023,Nov,Warm Phase/El Nino,-0.8,2.02,Warm Phase/El Nino,0.91,Warm Phase/El Nino
12/1/2023,2023,Dec,Warm Phase/El Nino,-0.2,2.02,Warm Phase/El Nino,1.13,Warm Phase/El Nino
1/1/2024,2024,Jan,Warm Phase/El Nino,0.5,1.82,Warm Phase/El Nino,0.7,Warm Phase/El Nino
2/1/2024,2024,Feb,Warm Phase/El Nino,-1.4,1.52,Warm Phase/El Nino,0.68,Warm Phase/El Nino
3/1/2024,2024,Mar,Warm Phase/El Nino,0.4,1.12,Warm Phase/El Nino,0.78,Warm Phase/El Nino
4/1/2024,2024,Apr,Warm Phase/El Nino,-0.2,0.78,Warm Phase/El Nino,0.34,Neutral Phase
5/1/2024,2024,May,Neutral Phase,0.5,0.24,Neutral Phase,0.12,Neutral Phase
6/1/2024,2024,Jun,Neutral Phase,0,0.18,Neutral Phase,-0.23,Neutral Phase
7/1/2024,2024,Jul,Neutral Phase,-0.7,0.05,Neutral Phase,-0.72,Cool Phase/La Nina
8/1/2024,2024,Aug,Neutral Phase,0.9,-0.11,Neutral Phase,-0.73,Cool Phase/La Nina
